{"40_30": 711.8998, "40_31": 185.35327, "40_32": 117.00647, "40_33": 48.493202, "40_34": -3.4028235e+38, "40_35": -3.4028235e+38, "40_36": -3.4028235e+38, "40_37": -3.4028235e+38, "40_38": -3.4028235e+38, "40_39": 781.9713, "40_40": 1238.6364, "40_41": 1292.2937, "40_42": 1372.5166, "40_43": 1660.2047, "40_44": -3.4028235e+38, "40_45": -3.4028235e+38, "40_46": -3.4028235e+38, "40_47": -3.4028235e+38, "40_48": -3.4028235e+38, "40_49": -3.4028235e+38, "40_50": -3.4028235e+38, "40_51": -3.4028235e+38, "40_52": -3.4028235e+38, "40_53": -3.4028235e+38, "41_30": 719.37744, "41_31": 761.8825, "41_32": 333.20734, "41_33": 80.62421, "41_34": 48.46078, "41_35": -3.4028235e+38, "41_36": 13.470333, "41_37": -3.4028235e+38, "41_38": 382.55112, "41_39": 1188.0732, "41_40": 1707.8833, "41_41": 1925.7119, "41_42": 2050.1355, "41_43": 2054.4329, "41_44": 1102.8098, "41_45": -3.4028235e+38, "41_46": -3.4028235e+38, "41_47": -3.4028235e+38, "41_48": -3.4028235e+38, "41_49": -3.4028235e+38, "41_50": -3.4028235e+38, "41_51": -3.4028235e+38, "41_52": -3.4028235e+38, "41_53": -3.4028235e+38, "42_30": 878.7555, "42_31": 853.6564, "42_32": 489.51712, "42_33": 99.09405, "42_34": 108.70177, "42_35": 103.62558, "42_36": 162.78136, "42_37": 94.502815, "42_38": 229.83847, "42_39": 934.54047, "42_40": 1850.3198, "42_41": 1909.7587, "42_42": 2427.4868, "42_43": 2272.3682, "42_44": 1775.452, "42_45": 147.63063, "42_46": -3.4028235e+38, "42_47": -3.4028235e+38, "42_48": -3.4028235e+38, "42_49": -3.4028235e+38, "42_50": -3.4028235e+38, "42_51": -3.4028235e+38, "42_52": -3.4028235e+38, "42_53": -3.4028235e+38, "43_30": 987.6374, "43_31": 1142.5217, "43_32": 577.3288, "43_33": 168.53325, "43_34": 164.74045, "43_35": 127.971375, "43_36": 177.74591, "43_37": 133.79727, "43_38": 115.54715, "43_39": 251.32524, "43_40": 839.6159, "43_41": 1269.3757, "43_42": 1483.9678, "43_43": 2143.2869, "43_44": 1560.4625, "43_45": 720.52435, "43_46": 451.06253, "43_47": 30.129827, "43_48": -3.4028235e+38, "43_49": -3.4028235e+38, "43_50": -3.4028235e+38, "43_51": -3.4028235e+38, "43_52": -3.4028235e+38, "43_53": -3.4028235e+38, "44_30": 948.31616, "44_31": 485.74866, "44_32": 226.53256, "44_33": 178.6186, "44_34": 149.97829, "44_35": 139.63861, "44_36": 206.29112, "44_37": 214.84015, "44_38": 310.97498, "44_39": 290.66965, "44_40": 428.699, "44_41": 765.06506, "44_42": 1202.5139, "44_43": 1738.2169, "44_44": 1776.1124, "44_45": 1329.552, "44_46": 1716.9032, "44_47": 1606.701, "44_48": 1587.9957, "44_49": 1018.552, "44_50": 929.55676, "44_51": -3.4028235e+38, "44_52": -3.4028235e+38, "44_53": -3.4028235e+38, "45_30": 1242.8231, "45_31": 443.638, "45_32": 201.11284, "45_33": 176.38463, "45_34": 169.08672, "45_35": 170.95602, "45_36": 224.25671, "45_37": 289.30023, "45_38": 377.89148, "45_39": 338.6195, "45_40": 440.5239, "45_41": 660.5233, "45_42": 822.572, "45_43": 1272.5723, "45_44": 1365.3185, "45_45": 1396.0276, "45_46": 1593.1536, "45_47": 1926.6345, "45_48": 1759.5496, "45_49": 1894.9973, "45_50": 1376.0973, "45_51": 677.38495, "45_52": -3.4028235e+38, "45_53": -3.4028235e+38, "46_30": 1121.6217, "46_31": 1115.4692, "46_32": 233.42767, "46_33": 188.86081, "46_34": 147.31467, "46_35": 167.33986, "46_36": 165.4342, "46_37": 327.15424, "46_38": 348.52673, "46_39": 257.01382, "46_40": 368.25635, "46_41": 511.49942, "46_42": 513.7223, "46_43": 584.4087, "46_44": 574.235, "46_45": 674.8166, "46_46": 784.11896, "46_47": 1378.6538, "46_48": 1820.7003, "46_49": 2089.3994, "46_50": 2053.8342, "46_51": 1382.262, "46_52": 1077.6984, "46_53": -3.4028235e+38, "47_30": 1581.8677, "47_31": 972.5767, "47_32": 202.99365, "47_33": 217.79636, "47_34": 250.50719, "47_35": 132.23843, "47_36": 14.5064745, "47_37": 69.6297, "47_38": 103.68882, "47_39": 124.62507, "47_40": 109.9147, "47_41": 123.99843, "47_42": 90.275085, "47_43": 270.40253, "47_44": 450.7586, "47_45": 606.3883, "47_46": 665.4509, "47_47": 767.8173, "47_48": 943.6934, "47_49": 1318.5125, "47_50": 1442.9847, "47_51": 1577.7405, "47_52": 1354.1261, "47_53": 581.07733, "48_30": 1488.0178, "48_31": 286.69604, "48_32": 195.9094, "48_33": 200.10983, "48_34": 329.36005, "48_35": 267.8352, "48_36": -3.4028235e+38, "48_37": 41.19, "48_38": 89.14235, "48_39": 38.964264, "48_40": 67.8803, "48_41": 131.32913, "48_42": 8.08, "48_43": -3.4028235e+38, "48_44": 28.92673, "48_45": 329.25168, "48_46": 403.94543, "48_47": 490.32797, "48_48": 523.67883, "48_49": 647.61694, "48_50": 584.52, "48_51": 699.8339, "48_52": 1139.3925, "48_53": 620.6951, "49_30": 1013.69147, "49_31": 425.46237, "49_32": 284.52155, "49_33": 214.67824, "49_34": 315.66934, "49_35": 216.51634, "49_36": -3.4028235e+38, "49_37": 32.535267, "49_38": 28.910059, "49_39": -3.4028235e+38, "49_40": -3.4028235e+38, "49_41": 68.65917, "49_42": 144.40018, "49_43": 230.04314, "49_44": 201.48157, "49_45": 128.23691, "49_46": 81.860985, "49_47": 125.806564, "49_48": 346.4788, "49_49": 534.9806, "49_50": 714.3529, "49_51": 591.83954, "49_52": 636.3669, "49_53": 674.9575, "global": 2427.4868}